{
    "id": 105013,
    "name": "4.5.0 Beta 1",
    "steps": {
        "queries": false,
        "lang": true,
        "theme": true,
        "themeSettings": false,
        "javascript": true,
        "emailTemplates": false,
        "hooks": true,
        "acpSearchKeywords": false,
        "settings": false,
        "tasks": false,
        "modules": true,
        "widgets": false,
        "whatsnew": false,
        "customOptions": false,
        "customRoutines": false
    },
    "forceMainUpgrader": false,
    "forceManualDownloadNoCiC": false,
    "forceManualDownloadCiC": false
}